id,name
10kswap-starknet-alpha,10KSwap
9inch,9inch
9mm-v3,9mm V3 (Pulsechain)
9mm-v3-base,9mm V3 (Base)
9mm-v3-sonic,9mm V3 (Sonic)
aboard-exchange,Aboard Exchange
abstradex,AbstraDEX
acala_swap,Acala Swap
aerodrome-base,Aerodrome (Base)
aerodrome-slipstream,Aerodrome SlipStream
aevo,Aevo
aftermath_finance,Aftermath Finance
agni-finance,Agni Finance
aktionariat-ethereum,Aktionariat (Ethereum)
alcor,Alcor
alexgo,ALEX
alien-base,Alien Base
alien-base-v3,Alien Base V3
allinxswap-opbnb,AllInXSwap (opBnb)
altcointrader,AltcoinTrader
alterdice,AlterDice
amaterasu,Amaterasu Finance
animeswap,Animeswap
antfarm-avalanche,Antfarm (Avalanche)
antfarm-ethereum,Antfarm (Ethereum) 
apertureswap,ApertureSwap
apeswap-arbitrum,Apeswap (Arbitrum)
apeswap_bsc,ApeSwap
apeswap_polygon,ApeSwap (Polygon)
apeswap_telos,Apeswap (Telos)
apex-omni,ApeX Omni
apex_pro,ApeX Pro
aprobit,Aprobit
aquarius,Aquarius
aquaspace,AquaSpace
aqx,AQX
aqx_derivatives,Flipster
arbidex,Arbidex
arbswap_arbitrum_one,Arbswap
archerswap,Archerswap
arena-dex,Arena DEX
arkham,Arkham
arkham_futures,Arkham (Futures)
armada,Armada
artexswap,ArtexSwap
arthswap,ArthSwap
arthswap-astar-zkevm,ArthSwap (Astar zkEVM)
ashswap,Ashswap
astra,Astra
astroport_injective,Astroport (Injective)
astroport_neutron,Astroport (Neutron)
astroport_osmosis,Astroport (Osmosis)
astroport-sei,Astroport (Sei)
astroport_v2,Astroport V2
astrovault,Astrovault
auriswap,Auriswap
auroraswap,AuroraSwap
autoshark_finance,AutoShark Finance
aux,AUX Exchange
ayin,AYIN
azbit,Azbit
azomi,Azomi
babydogeswap,BabyDogeSwap
babyswap,BabySwap
backpack_exchange,Backpack Exchange 
backpack-futures,Backpack (Futures)
baguette,Baguette
bakeryswap,Bakeryswap
bakeryswap-base,BakerySwap (Base)
balanced_network,Balanced
balancer,Balancer V2
balancer_arbitrum,Balancer V2 (Arbitrum)
balancer-gnosis,Balancer V2 (Gnosis)
balancer_polygon,Balancer V2 (Polygon)
balancer-v2-avalanche,Balancer V2 (Avalanche)
balancer-v2-base,Balancer V2 (Base)
balancer-v2-fraxtal,Balancer V2 (Fraxtal)
balancer-v2-mode,Balancer V2 (Mode)
balancer-v2-polygon-zkevm,Balancer V2 (Polygon zkEVM) 
bancor,Bancor (V2)
bancor_v3,Bancor (V3)
baptswap,BAPTSwap
baryon_network,Baryon Network
baryon-network-viction,BaryonSwap (Viction)
baseswap,BaseSwap
baseswap-v3,BaseSwap V3
basex,BaseX
basin-arbitrum-one,Basin
bcex,BCEX
beamswap,Beamswap
beam-swap,Beam Swap
beethovenx,Beethoven X
beethoven_x_optimism,Beethoven X (Optimism)
beets-sonic,Beets (Sonic)
beezee-dex,BeeZee DEX
befilabs,BeFi Labs
bevmswap,BEVMSwap
bex,BEX
bibox,Bibox
bibox_futures,Bibox (Futures)
biconomy,Biconomy.com
biconomy-futures,Biconomy (Futures)
bifrost_swap,Bifrost Swap
bigone,BigONE
bigone_futures,BigONE Futures
bilaxy,Bilaxy
binance,Binance
binance_futures,Binance (Futures)
binance_us,Binance US
bingx,BingX
bingx_futures,BingX (Futures)
birake,Birake
biswap,Biswap
biswap-v3-1,Biswap V3
bit2c,Bit2c
bit2me,Bit2Me
bitazza,Bitazza
bitbank,Bitbank
bitbay,zondacrypto
bitbns,BitBNS
bitcastle,bitcastle
bitci,Bitci TR
bitcoin_com,FMFW.io
bitcointry_exchange,Bitcointry
bit_com,BIT
bitdelta,BitDelta
bitdrome-finance,Bitdrome Finance
bitexbook,BITEXBOOK
bitexen,Bitexen
bitexlive,Bitexlive
bitfinex,Bitfinex
bitfinex_futures,Bitfinex (Futures)
bitflow,Bitflow
bitflyer,bitFlyer
bitflyer_futures,Bitflyer (Futures)
bitgenie-merlin-chain,BitGenie
bitget,Bitget
bitget_futures,Bitget Futures
bithumb,Bithumb
bitker,BITKER
bitkub,Bitkub
bitlo,Bitlo
bitmake,BitMake
bitmake_futures,BitMake Futures
bitmart,BitMart
bitmart_futures,Bitmart Futures
bitmax,AscendEX (BitMax)
bitmax_futures,AscendEX  (BitMax) (Futures)
bitmex,BitMEX (Derivative)
bitmex_spot,BitMEX
bitonbay,BitOnBay
bitopro,BitoPro
bitpanda,One Trading
bitrue,Bitrue
bitrue_futures,Bitrue (Futures)
bitso,Bitso
bitstamp,Bitstamp
bitsten,Bitsten
bitstorage,BitStorage
bitswap,BitSwap
bitswap-v2-bouncebit,BitSwap V2 (BounceBit)
bitswap-v3-bouncebit,BitSwap V3 (BounceBit) 
bittime,Bittime
bitunix,Bitunix
bitunix_futures,Bitunix Futures
bitvavo,Bitvavo
bitvenus,BVOX (Futures)
bitvenus_spot,BVOX
bladeswap,BladeSwap
blasterswap,BlasterSwap
blasterswap-v3,Blasterswap V3
blazeswap,Blazeswap (Songbird)
blazeswap-flare,BlazeSwap (Flare) 
blitz,Blitz
blockchain_com,Blockchain.com
blofin,BloFin (Futures)
blofin_spot,BloFin
bluefin,Bluefin
bluefin_futures,Bluefin (Futures)
bluelotusdao,BlueLotusDAO
bluemove,BlueMove
blueprint,Blueprint
blueshift,Blueshift
btc_alpha,BTC-Alpha
btcbox,BTCBOX
btcc,BTCC
btcmarkets,BTCMarkets
btc_trade_ua,BTC Trade UA
btcturk,BtcTurk | Kripto
btse,BTSE
btse_futures,BTSE (Futures)
bulbaswap-v2,Bulbaswap V2
bulla,Bulla
bullish_com,Bullish
bunnyswap,BunnySwap
burrbear,Burrbear
butter-xyz,Butter.xyz
buyucoin,BuyUcoin
bw,BWFX.pro
bybit,Bybit (Futures)
bybit_spot,Bybit
bydfi,BYDFi
bydfi-futures,BYDFi (Futures)
byte-exchange,Byte Exchange
camelot,Camelot
camelot-sanko,Camelot V3 (Sanko)
camelot-v2-apechain,Camelot V2 (ApeChain)
camelot-v2-educhain,Camelot V2 (EDU Chain)
camelot-v3,Camelot V3
camelot-v3-corn,Camelot V3 (Corn)
camelot-v3-edu-chain,Camelot V3 (EDU Chain)
camelot-v3-gravity,Camelot V3 (Gravity)
canto_dex,Canto Dex
capybaradex-v2,CapybaraDEX V2
capybaradex-v3,CapybaraDEX V3
carbon,Carbon Defi (Ethereum)
carbon-defi-celo,Carbon DeFi (Celo)
carbon-defi-seiv2,Carbon DeFi (Sei V2)
catex,Catex
caviarnine,CaviarNine
cellana-finance,Cellana Finance
cetoswap,Cetoswap (Manta Pacific)
cetus,Cetus
cex,CEX.IO
chainex,ChainEX
chainflip,Chainflip
changelly,Changelly PRO
changenow,ChangeNOW
cherryswap,CherrySwap
chronos,Chronos
citex,CITEX
claimswap,Claimswap
cleopatra-exchange,Cleopatra Exchange
clipper-arbitrum,Clipper (Arbitrum)
clipper_ethereum,Clipper (Ethereum)
clipper_optimism,Clipper (Optimism)
clipper_polygon,Clipper (Polygon)
cme_futures,CME Group
coinbase_international,Coinbase International Exchange
coinbase_international_derivatives,Coinbase International Exchange (Derivatives)
coincall,Coincall
coincatch,CoinCatch
coincatch_derivatives,CoinCatch Derivatives
coincheck,Coincheck
coindcx,CoinDCX
coinex,CoinEx
coinex_futures,CoinEx (Futures)
coinjar,CoinJar Exchange
coinlist,Coinlist
coin_metro,Coinmetro
coinone,Coinone
coinspro,Coins.ph
coinstore,Coinstore
coinswap,CoinSwap
cointr,CoinTR
coinw,CoinW
coinw_futures,CoinW (Futures)
coinzoom,Coinzoom
comethswap,ComethSwap
common,Common
concave,Concave
convergence-finance-v2,Convergence Finance
corex,COREx
c_patex,C-Patex
crema_finance,Crema Finance
crescent,Crescent
crodex,Crodex
cronaswap,Cronaswap
cronus_finance,Cronus Finance
croswap,CroSwap
crowdswap-polygon,CrowdSwap (Polygon)
cryptal,Cryptal
crypto_com,Crypto.com Exchange
crypto_com_futures,Crypto.com Exchange (Futures)
cryptology,Tothemoon
cube,Cube
cubiswap,CUBISwap
currency,Currency.com
curve_arbitrum,Curve (Arbitrum)
curve_avalanche,Curve (Avalanche)
curve-base,Curve (Base)
curve-bsc,Curve (BSC)
curve-celo,Curve (Celo)
curve_ethereum,Curve (Ethereum)
curve_fantom,Curve (Fantom)
curve-fraxtal,Curve (Fraxtal)
curve-gnosis,Curve (Gnosis)
curve_moonbeam,Curve (Moonbeam)
curve_optimism,Curve (Optimism)
curve_polygon,Curve (Polygon)
curve-sonic,Curve (Sonic)
cyberblast-v2,Cyberblast V2
cyberblast-v3,Cyberblast V3
cyberperp,Cyberperp
cytoswap,Cytoswap
d8x-futures,D8X (Berachain)
dackieswap,DackieSwap V3
dackieswap-v2,DackieSwap V2
dackieswap-v3-mode,DackieSwap V3 (Mode)
daos-fun,Daos.fun
darkknight,Dark KnightSwap
datadex,DataDex
dcoin,Dcoin
dedust,DeDust
deepcoin,Deepcoin
deepcoin_derivatives,Deepcoin (Derivatives)
defichain,DeFiChain DEX
defi_kingdoms,Defi Kingdoms
defi_kingdoms_crystalvale,Defi Kingdoms (Crystalvale)
defiplaza_radix,DefiPlaza (Radix)
defi_swap,DeFi Swap
defive,DeFive
defx,Defx
degate,DeGate
degenswap-degenchain,DegenSwap
delta_futures,Delta Exchange (Futures)
delta_spot,Delta Exchange
deltaswap,DeltaSwap (Arbitrum)
deltaswap-base,Deltaswap (Base)
dem_exchange,Demex
demex_derivatives,Demex (Derivatives)
deribit,Deribit
deribit_spot,Deribit Spot
derive-futures,Derive (Futures)
derive-spot,Derive (Spot)
derpdex,DerpDEX (zkSync)
derpdex-base,DerpDEX (Base)
derpdex-opbnb,DerpDEX (opBnb)
deversifi,Rhino.fi
dexalot,Dexalot
dexie,dexie
dexlab,Dexlab
dexonic,Dexonic
dexter,Persistence DEX
dextrade,Dex-Trade
dezswap,Dezswap
dfx,DFX
dfyn,Dfyn
difx,DIFX
digifinex,DigiFinex
digitalexchange_id,Digitalexchange.id
dodo,DODO (Ethereum)
dodo_arbitrum,DODO (Arbitrum)
dodo-avalanche,DODO (Avalanche)
dodo_bsc,DODO (BSC)
dodo-mantle,DODO (Mantle)
dodo_polygon,DODO (Polygon)
dodo_zircuit,DODO (Zircuit)
dogeshrek,Dogeshrek
dogeswap,DogeSwap
dooar_bsc,DOOAR (BSC)
dooar_ethereum,DOOAR (Ethereum)
dooar-polygon,DOOAR (Polygon)
doveswap-v3,DoveSwap V3
dracula-finance,Dracula Finance
dragonswap,DragonSwap
dragonswap-v2,DragonSwap V2
dragonswap-v3,DragonSwap V3 (Kaia)
drift_protocol,Drift Protocol
dtxswap-taiko,DTXSwap (Taiko)
duckswap,DuckSwap
duckydefi,DuckyDeFi
dusa,Dusa
dydx_chain,dYdX Chain
dyorswap-berachain,DYORSwap (Berachain)
dyorswap-blast,DYORSwap (Blast)
dyorswap-degenchain,DYORSwap (Degen Chain)
dyorswap-ink,DYORSwap (Ink)
dyorswap-sonic,DYORSwap (Sonic)
dyorswap-world-chain,DYORSwap (World Chain)
dystopia,Dystopia
earnbit,EarnBIT
ebisus-bay,Ebisu's Bay
ebisus-bay-cronos-zkevm,Ebisu's Bay (Cronos zkEVM)
ebi-xyz,EBI.XYZ
echodex,EchoDEX
econia,Econia
ecxx,Ecxx
eddyfinance,EddyFinance
edgex,edgeX
ekubo,Ekubo (Starknet)
electroswap%20v3,ElectroSwap V3
electroswap-v2,ElectroSwap V2
elexium-finance,Elexium Finance
elk_finance_avax,Elk Finance (Avalanche)
elk_finance_bsc,Elk Finance (BSC)
elk_finance_ethereum,Elk Finance (Ethereum)
elk_finance_polygon,Elk Finance (Polygon)
elk-finance-q-mainnet,Elk Finance (Q Mainnet)
elk_finance_telos,Elk Finance (Telos)
ellipsis_finance,Ellipsis Finance
emirex,Emirex
energiswap,Energiswap
enosys-flare,Enosys (Flare)
enosys-v3-flare,Enosys V3 (Flare)
equalizer,Equalizer
equalizer-base,Equalizer (Base)
equalizer-sonic,Equalizer (Sonic)
equilibre,Ã‰quilibre
etcmc,ETCMC
etcswap-v2,ETCswap V2
etcswap-v3,ETCswap V3
ethervista,Ethervista
everdex,Everdex
evmoswap,EvmoSwap
evo-exchange,Evo Exchange
excalibur,Excalibur
exmo,EXMO
fairdesk,Fairdesk
fairdesk_derivatives,Fairdesk Derivatives
fairyswap,Fairyswap
fameex,FameEX
fastex,Fastex
fatbtc,FatBTC
fathom-dex,Fathom DEX
fenix-finance,Fenix Finance
ferro_protocol,Ferro Protocol
figure_markets,Figure Markets
firefly,Firefly
first-ledger,First Ledger
flatqube,FlatQube
flow-x,FlowX Finance
fluid,Fluid
fluxbeam,FluxBeam
fmcpay,FMCPAY
forge,Forge
forteswap,Forteswap
foxbit,Foxbit
fraxswap_ethereum,Fraxswap (Ethereum)
fraxswap-fraxtal,Fraxswap (Fraxtal)
freiexchange,Freiexchange
friendly_market,Friendly Market
funki,Funki DEX
fusionx-v2,FusionX V2
fusionx-v3,FusionX V3
fwx,FWX
fwx-base,FWX (Base)
fwx-futures,FWX (Futures) (Avalanche)
fwx-futures-base,FWX (Futures) (Base)
gaming-dex-defiverse,Gaming Dex (DeFiVerse)
gaming-dex-oasys,Gaming DEX (Oasys)
gasx,GasX
gate,Gate.io
gate_futures,Gate.io (Futures)
gdax,Coinbase Exchange
gemini,Gemini
gemini_derivatives,Gemini Derivatives
giottus,Giottus
glide_finance,Glide Finance
globe_exchange,Globe
globe_exchange_derivatives,Globe (Derivatives)
globiance,Globiance
glyph-exchange-v2,Glyph Exchange V2
glyph-exchange-v4,Glyph Exchange V4
gmo_japan,GMO Japan
gmo_japan_futures,GMO Japan (Futures)
gmx_arbitrum,GMX Derivatives (Arbitrum)
gmx_avalanche,GMX Derivatives (Avalanche)
goosefx,GooseFX
gopax,GoPax
graphlinq-hub,GraphLinq Hub
gravity_finance,Gravity Finance
greenhouse_dex,Greenhouse
grovex,GroveX
grvt_futures,GRVT
gull-network,Gull Network
h2-finance,H2 Finance
halo_trade,AuraSwap
hashkey_exchange,HashKey Exchange
hashkey-global,HashKey Global
hashkey-global-futures,HashKey Global (Futures)
hata,Hata
hbarsuite-dex,HbarSuite DEX
hebeswap,Hebeswap
henjin,Henjin (Base)
henjindex,HenjinDEX
hercules-v2,Hercules V2
hercules-v3,Hercules V3
hermes_protocol,Hermes Protocol
hibt,Hibt
hitbtc,HitBTC
hitbtc_derivatives,HitBTC (Derivatives)
hiveswap-v3,HiveSwap V3
holdstation,Holdstation
holdstation-berachain,Holdstation (Berachain)
holdstation-defutures,Holdstation DeFutures
honeyswap,Honeyswap
honeyswap_polygon,Honeyswap (Polygon)
honorswap,HonorSwap
hopeswap,HopeSwap
horizondex,HorizonDEX
hotcoin_global,Hotcoin
howswap,HowSwap
huckleberry,Huckleberry
humbleswap,HumbleSwap
huobi,HTX
huobi_dm,HTX Futures
huobi_japan,BitTrade
hydradx,Hydration
hyperblast,HyperBlast
hyperion,Hyperion
hyperliquid,Hyperliquid (Futures)
hyperliquid-spot,Hyperliquid
hyperswap-areon-network,HyperSwap
hyperswap-v2,HyperSwap V2
hyperswap-v3,HyperSwap V3
icdex,ICDex
icecreamswap-core,IcecreamSwap (Core)
icecreamswap-v3-core,IceCreamSwap V3 (CORE) 
icpex,ICPEx
icpswap,ICPSwap
icrypex,Icrypex
iguanadex,IguanaDEX
illuminex,illumineX
impossible_finance,Impossible Finance
impossible-finance-humanode,Impossible Finance (Humanode)
impossible_finance_v3,Impossible Finance (v3)
increment_swap,Increment Swap
independent_reserve,Independent Reserve
indodax,Indodax
inex,INEX
infusion,Infusion
injective,Helix
injective_futures,Helix (Futures)
inkyswap,InkySwap
invariant,Invariant
invariant_eclipse,Invariant (Eclipse)
inx_one,INX One
iotabee-shimmerevm,Iotabee (ShimmerEVM)
itbit,itBit
iziswap,iZiSwap (BSC)
iziswap-kroma,iZiSwap (Kroma)
iziswap-linea,iZiSwap (Linea)
iziswap-manta-pacific,iZiSwap (Manta Pacific)
iziswap-mantle,iZiSwap (Mantle)
iziswap-mode,iZiSwap (Mode)
iziswap-scroll,iZiSwap (Scroll)
iziswap-taiko,iZiSwap (Taiko)
iziswap-x-layer,iZiSwap (X Layer)
iziswap-zetachain,iZiSwap (Zetachain)
iziswap-zkfair,iZiSwap (ZKFair)
iziswap-zklink-nova,iZiSwap (zkLink Nova) 
iziswap_zksync,iZiSwap (zkSync)
jediswap-starknet-alpha,JediSwap
jellyswap,Jellyverse
jojo-exchange-futures,JOJO Exchange
jswap,Jswap
julswap,Julswap
justmoney_bttc,Justmoney (Bittorent)
justmoney-tron,JustMoney (Tron)
kaiaswap-klaytn,KaiaSwap
kaidex,Kaidex
kaidex_v3,Kaidex V3
kaleidoswap-arbitrum,KaleidoSwap (Arbitrum)
kanga,Kanga
karura_swap,Karura Swap
katana,Katana
katana-v3,Katana V3
kava,Kava Swap
kayen,KAYEN
kcex-futures,KCEX (Futures)
kewlswap-chiliz-chain,KEWLSwap (Chiliz Chain)
kickex,KickEX
kiloex-bsc,KiloEx (BSC)
kiloex-manta-pacific,KiloEx (Manta Pacific)
kiloex-opbnb,KiloEx (opBnb)
kim,Kim
kim-v4,Kim V4
kine-protocol-derivatives,Kine Protocol (Derivatives)
kine-protocol-spot,Kine Protocol (Spot)
kinesis_money,Kinesis Money
kinetix-v3,Kinetix V3
kittenswap,Kittenswap
klayswap,KLAYSwap
klayswap-v3,Klayswap V3
klever_exchange,Bitcoin.me
knightswap,KnightSwap
kodiak-v2,Kodiak V2
kodiak-v3,Kodiak V3
kodo-exchange,Kodo Exchange
koi-finance-v3,Koi Finance V3
koinbazar,KoinBX
koinpark,Koinpark
komodo_wallet,Komodo Wallet
korbit,Korbit
kraken,Kraken
kraken_futures,Kraken (Futures)
kriya-dex,Kriya
ktx_finance_arbitrum_derivatives,KTX.Finance (Arbitrum)
ktx_finance_bsc_derivatives,KTX.Finance (BSC)
ktx_finance_mantle_derivatives,KTX.Finance (Mantle)
kucoin,KuCoin
kujira,Kujira Fin
kumex,KuCoin Futures
kuswap,Kuswap
kyberswap_classic_arbitrum,Kyberswap Classic (Arbitrum)
kyberswap_classic_avalanche,KyberSwap Classic (Avalanche)
kyberswap_classic_bsc,KyberSwap Classic (BSC)
kyberswap_classic_bttc,Kyberswap Classic (Bittorent)
kyberswap_classic_ethereum,KyberSwap Classic (Ethereum)
kyberswap_classic_fantom,KyberSwap Classic (Fantom)
kyberswap_classic_optimism,Kyberswap Classic (Optimism)
kyberswap_classic_polygon,KyberSwap Classic (Polygon)
kyberswap_elastic,KyberSwap Elastic (Ethereum)
kyberswap_elastic_arbitrum,Kyberswap Elastic (Arbitrum)
kyberswap_elastic_avalanche,Kyberswap Elastic (Avalanche)
kyberswap_elastic_bsc,Kyberswap Elastic (BSC)
kyberswap_elastic_fantom,Kyberswap Elastic (Fantom)
kyberswap-elastic-linea,Kyberswap Elastic (Linea)
kyberswap_elastic_optimism,Kyberswap Elastic (Optimism)
kyberswap_elastic_polygon,Kyberswap Elastic (Polygon)
kyo-finance-v3,Kyo Finance V3
laminar,Laminar
larissa-swap,Larissa Swap
laserswap,LaserSwap
latoken,LATOKEN
lbank,LBank
lbank-futures,LBank (Futures)
lcx,LCX Exchange
leetswap-base,LeetSwap (Base)
leetswap-linea,LeetSwap (Linea)
levana-perps-osmosis,Levana Perps (Osmosis)
levinswap_xdai,Levinswap (xDai)
lfgswap,LFGswap
lfgswap-core,LFGSwap (Core)
libre_swap,Libre Swap
lif3,LIF3 (Tombchain)
lif3-bsc,LIF3 (BSC)
lif3-ethereum,Lif3 (Ethereum)
lif3-polygon,LIF3 (Polygon)
lif3-v3-bsc,Lif3 V3 (BSC)
lif3-v3-fantom,Lif3 V3 (Fantom)
lif3-v3-polygon,Lif3 V3 (Polygon)
line-hub-v3,Line Hub V3
liquidswap,Liquidswap
liquidswap-v0-5,LiquidSwap V0.5
localtrade,LocalTrade
loopring,Loopring
loopring_amm,Loopring AMM
luno,Luno
lydia_finance,Lydia Finance
lynex-linea,Lynex
lynex-v2-linea,Lynex V2 (Linea)
magic_eden_runes,Magic Eden (Runes)
magicsea-iota-evm,MagicSea (Iota EVM)
magicsea-v2-1-iota-evm,MagicSea V2.1 (Iota EVM)
magicswap,Magicswap
maiar,xExchange
makiswap,Makiswap
mangata,Mangata
manifest,Manifest
marginx-pundi,MarginX (Pundi)
mars_ecosystem,Mars Ecosystem
marswap,MARSWAP
marswap-cronos-zkevm,MarSwap (Cronos zkEVM)
matcha_arbitrum_one,Matcha (Arbitrum One)
matcha_avalanche,Matcha (Avalanche)
matcha_base,Matcha (Base)
matcha_bsc,Matcha (BSC)
matcha_ethereum,Matcha (Ethereum)
matcha_optimism,Matcha (Optimism)
matcha_polygon,Matcha (Polygon)
maverick_protocol,Maverick Protocol V1 (Ethereum)
maverick_protocol_base,Maverick Protocol V1 (Base)
maverick_protocol_bsc,Maverick Protocol V1 (BSC)
maverick-protocol-scroll,Maverick Protocol V2 (Scroll)
maverick-protocol-v2-arbitrum,Maverick Protocol V2 (Arbitrum)
maverick-protocol-v2-base,Maverick Protocol V2 (Base)
maverick-protocol-v2-bsc,Maverick Protocol V2 (BSC)
maverick-protocol-v2-ethereum,Maverick Protocol V2 (Ethereum)
maverick-protocol-v2-zksync-era,Maverick Protocol V2 (zkSync Era)
maverick_protocol_zksync,Maverick Protocol V1 (zkSync)
max_maicoin,Max Maicoin
maya-protocol,Maya Protocol
mdex,Mdex
mdex_bsc,Mdex BSC
megaton-finance,Megaton Finance
melegaswap,MelegaSwap
mercado_bitcoin,Mercado Bitcoin
merchant-moe-liquidity-book-mantle,Merchant Moe Liquidity Book (Mantle)
merchant-moe-mantle,Merchant Moe
merlinswap,MerlinSwap
meshswap,Meshswap
metalx,Metal X
meteora,Meteora
methlab,Methlab (Mantle)
metropolis-dlmm-sonic,Metropolis DLMM (Sonic)
metropolis-sonic,Metropolis Simple (Sonic)
miaswap,MiaSwap
milkyswap-milkada,MilkySwap
mimo,Mimo
minswap,Minswap
mintswap,MintSwap
mm_finance,MMFinance (Cronos)
mm-finance-arbitrum,MM Finance (Arbitrum)
mojitoswap,MojitoSwap
monoswap-V2-blast,MonoSwap V2 (Blast)
monoswap-v3-blast,MonoSwap V3 (Blast)
moraswap-v2,Moraswap V2
mudrex,Mudrex
muesliswap,Muesliswap
muesliswap-milkada,Muesliswap (Milkada)
mufex,MUFEX
mute,Koi Finance
mxc,MEXC
mxc_futures,MEXC (Futures)
myswap-cl,mySwap-CL
myx,MYX
nachoswap,NachoSwap
namebase,Namebase
nami_exchange,Nami Exchange
nanu_exchange,Nanu Exchange
nash,Nash
nbx,NBX
nearpad,NearPAD
neptune,Neptune
netswap,Netswap
neutroswap,Neutroswap
nice_hash,NiceHash
nile,NILE
nile-v1,NILE V1
niza-global,Niza.io
nominex,Nominex
nomiswap,Nomiswap
nomiswap_stable,Nomiswap (Stable)
nonkyc_io,Nonkyc.io
nostra,Nostra 
novadax,NovaDAX
nuri-legacy,Nuri (Legacy)
nuri-v2,Nuri V2
occamx,OccamX
oceanex,Oceanex
ocelex-v3,Ocelex V3
ociswap,Ociswap
okcoin,Okcoin
okcoin-japan,OKJ
okex,OKX
okex_ordinals,OKX Ordinals
okex_swap,OKX (Futures)
oku-trade-bob-network,Oku Trade (BOB Network)
oku-trade-corn,Oku Trade (Corn)
oku-trade-filecoin,Oku Trade (Filecoin)
oku-trade-gnosis,Oku Trade (Gnosis)
oku-trade-goat,Oku Trade (Goat)
oku-trade-lens,Oku Trade (Lens)
oku-trade-linea,Oku Trade (Linea)
oku-trade-manta-pacific,Oku Trade (Manta Pacific)
oku-trade-moonbeam,Oku Trade (Moonbeam)
oku-trade-rootstock,Oku Trade (Rootstock)
oku-trade-saga,Oku Trade (Saga)
oku-trade-scroll,Oku Trade (Scroll)
oku-trade-sei-v2,Oku Trade (Sei V2)
oku-trade-taiko,Oku Trade (Taiko)
omax-swap,Omax Swap
omgfin,Omgfin
omnidex,OmniDex
onedex,OneDex
oolongswap,Oolongswap
openbook,OpenBook
openleverage,OpenLeverage
openocean_finance,OpenOcean
openswap,OpenSwap
openswap-fi,Openswap.fi
oracleswap,Oracleswap
oraidex,OraiDEX
orangedx,OrangeDX
orangex,OrangeX
orangex_futures,OrangeX Futures
orca,Orca
orca-eclipse,Orca (Eclipse)
orderly_network,Orderly
orderly_network_derivatives,Orderly (Derivatives) (Near)
orderly_network_derivatives_evm,Orderly (Derivatives)
oreoswap,OreoSwap
orion-bsc,Orion (BSC)
orion-ethereum,Orion (Ethereum) 
osmosis,Osmosis
ourbit,Ourbit
ourbit-futures,Ourbit (Futures)
ox-fun,OX.FUN
p2pb2b,P2B
pacificswap,PacificSwap
paintswap,Paintswap
pancakeswap_aptos,PancakeSwap (Aptos)
pancakeswap_ethereum,PancakeSwap (Ethereum)
pancakeswap_new,PancakeSwap (v2)
pancakeswap_stableswap,PancakeSwap (Stableswap)
pancakeswap-stableswap-arbitrum,PancakeSwap Stableswap (Arbitrum)
pancakeswap-stableswap-ethereum,PancakeSwap Stableswap (Ethereum)
pancakeswap-v1-bsc,PancakeSwap V1 (BSC)
pancakeswap-v2-arbitrum,PancakeSwap V2 (Arbitrum)
pancakeswap-v2-base,PancakeSwap V2 (Base)
pancakeswap-v2-opbnb,PancakeSwap V2 (opBnb)
pancakeswap-v2-polygon-zkevm,PancakeSwap V2 (Polygon zkEVM)
pancakeswap-v2-zksync,PancakeSwap (zkSync)
pancakeswap-v3-arbitrum,PancakeSwap V3 (Arbitrum)
pancakeswap-v3-base,PancakeSwap V3 (Base)
pancakeswap-v3-bsc,PancakeSwap V3 (BSC)
pancakeswap-v3-ethereum,PancakeSwap V3 (Ethereum)
pancakeswap-v3-linea,PancakeSwap V3 (Linea)
pancakeswap-v3-opbnb,PancakeSwap V3 (opBnb)
pancakeswap-v3-polygon-zkevm,PancakeSwap V3 (Polygon zkEVM)
pancakeswap-v3-zksync,PancakeSwap V3 (zkSync)
pangolin,Pangolin
pangolin-flare,Pangolin (Flare)
pangolin-songbird,Pangolin (Songbird)
paradex,Paradex
paribu,Paribu
paymium,Paymium
pearl-exchange,PearlFi
pearlfi-v1-5,PearlFi V1.5
pearlfi-v2-re-al,PearlFi V2 (Re.al) 
pegasys,Pegasys
pegasys-v3-rollux,Pegasys V3 (Rollux)
perpetual_protocol,Perpetual Protocol
pharaoh-exchange,Pharaoh Exchange
pharaoh-exchange-v1,Pharaoh Exchange V1
phemex,Phemex
phemex_futures,Phemex (Futures)
photonswap,PhotonSwap (Cronos)
photonswap_kava,PhotonSwap (Kava)
phux,Phux
pinkswap,PinkSwap
pinto-exchange,Pinto Exchange
pionex,Pionex
piperx-v3,PiperX V3
planet_finance,Planet Finance
plunderswap,Plunderswap
pnix-dex,PNIX DEX
pointpay,PointPay
polaris,Polaris
polkadex,Polkadex
poloniex,Poloniex
poloniex_futures,Poloniex Futures
polycat_finance,Polycat Finance
polynomial-trade,Polynomial Trade 
pomswap,POMSwap
poolshark,Poolshark
potatoswap-x-layer,PotatoSwap (X Layer) 
powertrade,Powertrade
powertrade_derivatives,Powertrade (Derivatives)
prime_xbt,PrimeXBT
probit,ProBit Global
pulsex,PulseX
pulsex-v2,PulseX V2
pumpswap,PumpSwap
punchswap,PunchSwap
punchswap-v3,PunchSwap V3
punkswap,Punkswap
purcow,Purcow
qmall,QMall
qomswap,QomSwap
quickswap,Quickswap
quickswap_dogechain,Quickswap (Dogechain)
quickswap-polygon-zkevm,Quickswap (Polygon zkEVM)
quickswap_v3,Quickswap (v3)
quickswap-v3-astar-zkevm,QuickSwap V3 (Astar zkEVM)
quickswap-v3-immutable-zkevm,QuickSwap V3 (Immutable zkEVM)
quickswap-v3-manta-pacific,Quickswap V3 (Manta Pacific)
quickswap-v3-soneium,Quickswap V4 (Soneium)
quickswap_v3_x_layer,Quickswap V3 (X Layer)
quipuswap,Quipuswap
rabbitswap,RabbitSwap
rabbitx,RabbitX
raccoonswap,RaccoonSwap
radioshack_ethereum,RadioShack (Ethereum)
ra-exchange,Ra Exchange
ra-exchange-v1,Ra Exchange V1
ramses,Ramses
ramses-v2,Ramses V2
rawr-trade,Rawr Trade
raydium2,Raydium
raydium-clmm,Raydium (CLMM)
rcpswap,RCP Swap
reddex-bsc,Reddex (BSC)
ref_finance,Rhea Finance
reservoir-v2,Uniswap V2 (Reservoir on Zero)
reservoir-v3,Uniswap V3 (Reservoir on Zero)
retherswap,Retherswap
retro,Retro
revoswap-v2,Revoswap V2
ring-exchange-blast,Ring Exchange
ritsu,Ritsu
robots-farm-base,Robots.Farm
rockswap,Rockswap
roguex-protocol,RogueX Protocol 
rooster-protocol,Rooster Protocol
rubicon-arbitrum-one,Rubicon (Arbitrum One)
rubicon-base,Rubicon (Base)
rubicon-optimism,Rubicon (Optimism)
safe_trade,SafeTrade
sailfish,SailFish
sailor,Sailor
saitaswap-bsc,SaitaSwap (BSC)
saitaswap-ethereum,SaitaSwap (Ethereum)
sakeswap,SakeSwap
saros,Saros AMM
satori-base,Satori (Base)
satori-linea,Satori (Linea)
saturn-swap,Saturn Swap
saucerswap,Saucerswap V1
saucerswap-v2,Saucerswap V2
scribe,Scribe
secondbtc,SecondBTC
secta-finance-v2,Secta Finance V2 (Linea)
secta-finance-v3,Secta Finance V3 (Linea)
seedfi,SeedFi
sega,Sega
shade_protocol,Shade Protocol
shadow-exchange,Shadow Exchange
shadowswap,ShadowSwap
sharkswap,SharkSwap
sharkswap-sx-rollup,Sharkswap (SX Rollup)
shibaswap,Shibaswap (Ethereum)
shibaswap-shibarium,Shibaswap (Shibarium)
shibswap,ShibSwap
shido-dex,Shido Dex
shimmersea,MagicSea (ShimmerEVM)
sideswap,Sideswap
silkswap,SilkSwap
silverswap,Silverswap
skydrome,Skydrome
skydrome-v2,Skydrome V2
slex,Slex
smardex-arbitrum,SmarDex (Arbitrum)
smardex-base,SmarDex (Base)
smardex-bsc,SmarDex (BSC)
smardex-ethereum,SmarDex
smardex-polygon,SmarDex (Polygon)
sobal,Sobal (Neon EVM)
solarbeam,Solarbeam
solarflare,Solarflare
solidlizard,SolidLizard
solidly,Solidly V1 (Fantom)
solidlydex,Solidly V2 (Ethereum)
solidly-v3,Solidly V3 (Ethereum)
solidly-v3-arbitrum,Solidly V3 (Arbitrum)
solidly-v3-base,Solidly V3 (Base)
solidly-v3-fantom,Solidly V3 (Fantom)
solidly-v3-optimism,Solidly V3 (Optimism)
solidly-v3-sonic,Solidly V3 (Sonic)
solisnek,SoliSnek
sologenic,Sologenic
sonefi,SoneFi
sonex,Sonex
sonic,Sonic
sonus-v3,Sonus V3
soswap,Soswap
soulswap,Soulswap
sovryn,Sovryn DEX (Rootstock)
sovryn-dex-bob-network,Sovryn DEX (Bob Network)
spacefi,SpaceFi
spacefi_zksync,SpaceFi (ZkSync)
sparkdex-v3,SparkDEX V3
sparkdex-v3-1,SparkDEX V3.1
spartadex,SpartaDEX
spartan_protocol,Spartan Protocol
spectrum_finance,Spectrum Finance
sphynx_brise,Sphynx (Brise)
sphynx_swap,Sphynx Swap (BSC)
spice_trade_avalanche,Spice Trade (Avalanche)
spicyswap,Spicyswap
spinaqdex,SpinaqDex
spiritswap,SpiritSwap
spiritswap_v2,SpiritSwap (V2)
splash,Splash
spookyswap,SpookySwap
spookyswap-v2-sonic,Spookyswap V2 (Sonic)
spookyswap-v3,SpookySwap V3 
spookyswap-v3-sonic,SpookySwap V3 (Sonic)
squadswap-v2-bsc,SquadSwap Dynamo (BSC)
squadswap-v3-bsc,SquadSwap WOW (BSC)
squidswap,Squidswap
stabble,stabble
stake_cube,StakeCube Exchange
starkdefi,StarkDefi
stationdex-v3-x-layer,StationDEX V3 (x Layer)
steam-exchange-rails-network,Rails Network Swap
stellar_term,StellarTerm
stellaswap,StellaSwap
stellaswap-v3,Stellaswap (V3)
stellaswap-v4,StellaSwap V4
step-exchange,Step Exchange
step_finance,Step Finance
ston_fi,STON.fi
stonfi-v2,STON.fi (V2)
story-hunt,Story Hunt
stratum-exchange,Stratum Exchange
suiswap,Suiswap
sundaeswap,Sundaeswap
sunswap_v1,SUN.io
sunswap-v2,SunSwap V2
sunswap-v3,SunSwap V3
supswap,SupSwap
surf-protocol,Surf Protocol
surfswap,Surfswap
sushiswap,Sushiswap
sushiswap-aptos,SushiSwap (Aptos)
sushiswap_arbitrum,Sushiswap (Arbitrum One)
sushiswap_arbitrum_nova,Sushiswap (Arbitrum Nova)
sushiswap_avalanche,Sushiswap (Avalanche)
sushiswap_bsc,Sushiswap (BSC)
sushiswap_celo,Sushiswap Celo
sushiswap_fantom,Sushiswap (Fantom)
sushiswap_harmony,Sushiswap (Harmony)
sushiswap_polygon_pos,Sushiswap (Polygon POS)
sushiswap-v2-base,Sushiswap V2 (Base)
sushiswap-v3-arbitrum,Sushiswap V3 (Arbitrum)
sushiswap-v3-arbitrum-nova,Sushiswap V3 (Arbitrum Nova)
sushiswap-v3-base,SushiSwap V3 (Base)
sushiswap-v3-bsc,Sushiswap V3 (BSC)
sushiswap-v3-core,Sushiswap V3 (Core)
sushiswap-v3-ethereum,Sushiswap V3 (Ethereum)
sushiswap-v3-fantom,Sushiswap V3 (Fantom)
sushiswap-v3-filecoin,SushiSwap V3 (Filecoin)
sushiswap-v3-gnosis,Sushiswap V3 (Gnosis)
sushiswap-v3-linea,Sushiswap V3 (Linea)
sushiswap-v3-optimism,Sushiswap V3 (Optimism)
sushiswap-v3-polygon,Sushiswap V3 (Polygon)
sushiswap-v3-polygon-zkevm,Sushiswap V3 (Polygon zkEVM)
sushiswap-v3-scroll,SushiSwap V3 (Scroll)
sushiswap-v3-skale,SushiSwap V3 (SKALE)
sushiswap-v3-sonic,Sushiswap V3 (Sonic)
sushiswap-v3-thundercore,Sushiswap V3 (ThunderCore)
sushiswap-v3-zetachain,Sushiswap V3 (ZetaChain)
sushiswap_xdai,Sushiswap (xDai)
swapbased,SwapBased
swapbased-v3,SwapBased V3
swapblast,SwapBlast
swap-country,Swap
swapline-shimmerevm,Swapline (ShimmerEVM) 
swapmode,SwapMode
swappi,Swappi
swapr_arbitrum,Swapr (Arbitrum)
swapr_ethereum,Swapr (Ethereum)
swapr_xdai,Swapr (Xdai)
swapsicle,Swapsicle
swapsicle-telos,Swapsicle (Telos)
swapsicle-v2-mantle,Swapsicle V2 (Mantle)
swapsicle-v2-telos,Swapsicle V2 (Telos)
swapx-algebra,SwapX Algebra
swapx-v2,SwapX V2
swopfi,Swopfi
swop_fi,Swop.Fi
swych,SWYCH
syncswap,SyncSwap
syncswap-linea,SyncSwap (Linea)
syncswap-scroll,SyncSwap (Scroll)
syncswap-v2-1-linea,SyncSwap V2.1 (Linea)
syncswap-v2-1-scroll,SyncSwap V2.1 (Scroll)
syncswap-v2-1-zksync,SyncSwap V2.1 (zkSync)
syncswap-v2-zksync,SyncSwap (zkSync)
syncswap-v3-zksync,SyncSwap V3 (zkSync)
synfutures,SynFutures
synthswap,Synthswap
synthswap-v3,Synthswap V3
taikoswap,TaikoSwap
tangleswap-milkomeda-cardano,TangleSwap (Milkomeda Cardano)
tangoswap,TangoSwap
tanx,tanX
tapbit,Tapbit
taraswap,Taraswap
tdax,Orbix
tealswap,Tealswap
templedao,TempleDAO
terraport,Terraport
terraswap,Terraswap Classic
tesseract-world,Tesseract World
tethys,Tethys Finance
tetuswap,Tetuswap
tfm,Terraformer
thala,ThalaSwap V1
thalaswap-v2,ThalaSwap V2
thena,THENA
thena-fusion,THENA FUSION
thena-opbnb,THENA (opBnb)
thorswap,THORChain
thorwallet,THORWallet DEX
thruster-v2-0-3-fee-tier,Thruster V2 (0.3% Fee Tier)
thruster-v2-1-0-fee-tier,Thruster V2 (1.0% Fee Tier)
thruster-v3,Thruster V3
tinyman,Tinyman
tokan-exchange,Tokan Exchange
tokenize,Tokenize
tokenlon,Tokenlon
toko_crypto,TokoCrypto
tokpie,Tokpie
tomb_swap_fantom,Tomb Swap (Fantom)
toobit,Toobit
toobit_derivatives,Toobit Futures
trade_ogre,TradeOgre
traderjoe,LFJ
traderjoe-v2-1-arbitrum,LFJ V2.1 (Arbitrum)
traderjoe-v2-1-avalanche,LFJ V2.1 (Avalanche)
traderjoe-v2-1-bsc,LFJ V2.1 (BSC)
traderjoe-v2-2-arbitrum,LFJ V2.2 (Arbitrum)
traderjoe-v2-2-avalanche,LFJ V2.2 (Avalanche)
traderjoe-v2-arbitrum,LFJ V2 (Arbitrum)
traderjoe-v2-avalanche,LFJ V2
trado,Trado
tranquil_finance,Tranquil Finance
treble-v4,Treble V4
trisolaris,Trisolaris
tropical_finance,Tropical Finance
trubit,Trubit
turbos-finance,Turbos Finance
ubeswap,Ubeswap V2
ubeswap-v3,Ubeswap V3
unchain-x,Unchain X
unicly,Unicly
unisat,UniSat
unisat_runes,UniSat (Runes)
uniswap-bsc,Uniswap V3 (BSC)
uniswap_v2,Uniswap V2 (Ethereum)
uniswap-v2-abstract,Uniswap V2 (Abstract)
uniswap-v2-arbitrum,Uniswap V2 (Arbitrum)
uniswap-v2-avalanche,Uniswap V2 (Avalanche)
uniswap-v2-base,Uniswap V2 (Base)
uniswap-v2-blast,Uniswap V2 (Blast)
uniswap-v2-bsc,Uniswap V2 (BSC) 
uniswap-v2-optimism,Uniswap V2 (Optimism)
uniswap-v2-polygon,Uniswap V2 (Polygon)
uniswap-v2-unichain,Uniswap V2 (Unichain)
uniswap-v2-world-chain,Uniswap V2 (World Chain)
uniswap_v3,Uniswap V3 (Ethereum)
uniswap-v3-abstract,Uniswap V3 (Abstract)
uniswap_v3_arbitrum,Uniswap V3 (Arbitrum One)
uniswap-v3-avalanche,Uniswap V3 (Avalanche)
uniswap-v3-base,Uniswap V3 (Base)
uniswap-v3-blast,Uniswap V3 (Blast)
uniswap_v3_celo,Uniswap V3 (Celo)
uniswap_v3_optimism,Uniswap V3 (Optimism)
uniswap_v3_polygon_pos,Uniswap V3 (Polygon)
uniswap-v3-unichain,Uniswap V3 (Unichain)
uniswap-v3-world-chain,Uniswap V3 (World Chain)
uniswap-v3-zksync,Uniswap V3 (zkSync)
uniswap-v3-zora,Uniswap V3 (Zora)
uniswap-v4-arbitrum,Uniswap V4 (Arbitrum)
uniswap-v4-avalanche,Uniswap V4 (Avalanche)
uniswap-v4-base,Uniswap V4 (Base)
uniswap-v4-bsc,Uniswap V4 (BSC)
uniswap-v4-ethereum,Uniswap V4 (Ethereum)
uniswap-v4-optimism,Uniswap V4 (Optimism)
uniswap-v4-polygon,Uniswap V4 (Polygon)
uniswap-v4-unichain,Uniswap V4 (Unichain)
universal-swaps,UniversalSwaps
upbit,Upbit
upbit_indonesia,Upbit Indonesia 
usdfi,USDFI
valr,VALR
valr-futures,VALR Futures
vanillaswap-v2-defimetachain,VanillaSwap V2 (DefiMetaChain)
vanillaswap-v3-defimetachain,VanillaSwap V3 (DefiMetaChain)
vapordex,VaporDex
vapordex-v2,VaporDEX V2
velar-stacks,Velar (Stacks)
velocimeter-base,Velocimeter (Base)
velocimeter-fantom,Velocimeter (Fantom)
velocimeter-iota-evm,Velocimeter (Iota EVM)
velocimeter_v2,Velocimeter V2
velocimeter-v3,Velocimeter V3
velocore,Velocore
velocore-v2-telos,Velocore V2 (Telos)
velocore-v2-zksync,Velocore V2 (ZkSync)
velodrome,Velodrome Finance
velodrome-finance-slipstream,Velodrome SlipStream (Optimism)
velodrome-finance-slipstream-celo,Velodrome Finance Slipstream (Celo)
velodrome-finance-slipstream-fraxtal,Velodrome Finance Slipstream (Fraxtal)
velodrome-finance-slipstream-ink,Velodrome Finance Slipstream (Ink)
velodrome-finance-slipstream-lisk,Velodrome Finance Slipstream (Lisk)
velodrome-finance-slipstream-mode,Velodrome Finance Slipstream (Mode)
velodrome-finance-slipstream-soneium,Velodrome Finance Slipstream (Soneium)
velodrome-finance-slipstream-superseed,Velodrome Finance Slipstream (Superseed)
velodrome-finance-slipstream-swellchain,Velodrome Finance Slipstream (Swellchain)
velodrome-finance-slipstream-unichain,Velodrome Finance Slipstream (Unichain)
velodrome-finance-v2,Velodrome Finance V2 (Optimism)
velodrome-finance-v2-fraxtal,Velodrome Finance V2 (Fraxtal)
velodrome-finance-v2-ink,Velodrome Finance V2 (Ink)
velodrome-finance-v2-mode,Velodrome Finance V2 (Mode)
velodrome-finance-v2-swellchain,Velodrome Finance V2 (Swellchain)
velodrome-finance-v2-unichain,Velodrome Finance V2 (Unichain)
verse,Verse
vertex-edge-abstract,Vertex Edge (Abstract)
vertex-edge-base,Vertex Edge (Base)
vertex-edge-mantle,Vertex Edge (Mantle)
vertex-edge-sei,Vertex Edge (Sei)
vertex-edge-sonic,Vertex Edge (Sonic)
vertex_protocol_derivatives,Vertex Edge (Arbitrum)
vertex-protocol-spot,Vertex (Spot)
verylongswap,VeryLongSwap
vessel-finance,Vessel Finance
vest-exchange-futures,Vest Exchange
vindax,Vindax
viridian,Viridian
virtuswap,VirtuSwap
virtuswap-arbitrum-one,VirtuSwap (Arbitrum One)
voltage_finance,Voltage Finance
voltage-finance-v3,Voltage Finance V3
voltage-finance-v4,Voltage Finance V4
voltswap_meter,Voltswap (Meter)
vvs,VVS Finance
vvs-v3-ethereum,VVS V3 (Ethereum)
wagmi-ethereum,WAGMI (Ethereum)
wagmi-iota-evm,WAGMI (Iota EVM)
wagmi-kava,WAGMI (Kava)
wagmi-metis,WAGMI (Metis)
wagmi-sonic,Wagmi (Sonic)
wagmi-zklink-nova,WAGMI (zkLink Nova)
wagmi-zksync,WAGMI (zkSync)
wagyuswap,WagyuSwap
wannaswap,Wannaswap
wanswap,WanSwap
warpgate,WarpGate
wavelength,Wavelength
waves,WX Network
wazirx,WazirX
w-dex-polygon,W-DEX (Polygon) 
web3_world,Web3.World
websea,Websea
weex,WEEX
weex-futures,WEEX (Futures)
wemix_fi,WEMIX.Fi
whitebit,WhiteBIT
whitebit_futures,WhiteBIT Futures
white-whale-chihuahua,White Whale (Chihuahua)
white-whale-juno,White Whale (Juno)
white-whale-migaloo,White Whale (Migaloo)
white_whale_osmosis,White Whale (Osmosis)
white_whale_terra,White Whale (Terra)
wigoswap,Wigoswap
wingriders,WingRiders
wombat,Wombat Exchange (BNB)
wombat_arbitrum,Wombat (Arbitrum)
woofi,WOOFi
woofswap,WoofSwap
woo_network_futures,WOO X (Futures)
wootrade,WOO X
wufiswap,Wufiswap
x7-finance-base,X7 Finance (Base)
x7-finance-ethereum,X7 Finance (Ethereum)
xave,Xave Finance
xdx,XDX
xeggex,XeggeX
xswap,XSwap
xswap-v3,XSwap Protocol V3
xt,XT.COM
xt_derivatives,XT.COM (Derivatives)
yaka-finance,Yaka Finance
yaka-finance-v3,Yaka Finance V3
yobit,YoBit
yodeswap,Yodeswap
yokaiswap,Yokaiswap
yoshi_exchange_bsc,Yoshi.exchange (BSC)
yoshi_exchange_ftm,Yoshi.exchange (Fantom)
zaif,Zaif
zbx,ZBX
zebitex,Zebitex
zebpay,ZebPay
zenlink_astar,Zenlink (Astar)
zenlink_bitfrost_kusama,Zenlink (Bifrost Kusama)
zenlink_moonbeam,Zenlink (Moonbeam)
zenlink_moonriver,Zenlink (Moonriver)
zipmex,Zipmex
zipswap,ZipSwap
zkera_finance,zkEra Finance
zkera-finance-metis,zkEra Finance (Metis)
zkera-finance-telos,zkEra Finance (Telos)
zkswap-finance,zkSwap Finance
zkswap-finance-stableswap,zkSwap Finance StableSwap
zkswap-v3,zkSwap Finance V3
zoomex,Zoomex
zora-energy-swap,Zora Energy Swap
zyberswap,Zyberswap
